Restype,Coefficient Index,Value
ALA,0,37.99362301706037
ALA,1,0.0
ALA,2,-18.86380331309984
ALA,3,-0.2758124374784611
ALA,4,5.82280058685291
ALA,5,-0.9573284214725696
ALA,6,-0.1843318859570364
ARG,0,83.96931237523458
ARG,1,0.0
ARG,2,-278.84782942076276
ARG,3,490.58929669301415
ARG,4,-384.0645002747333
ARG,5,143.69567287376765
ARG,6,-20.79046835627335
ASN,0,59.98211626450698
ASN,1,0.0
ASN,2,-40.544928341829355
ASN,3,-32.39209044772834
ASN,4,73.40845254223012
ASN,5,-37.167341271226
ASN,6,6.100794494762529
ASP,0,59.98257839879635
ASP,1,0.0
ASP,2,-37.42473929418985
ASP,3,-37.96216454926966
ASP,4,77.2131780640002
ASP,5,-38.250551430076115
ASP,6,6.1980074746814875
CYS,0,53.98475025825209
CYS,1,0.0
CYS,2,-28.55763518208107
CYS,3,-34.94893362606055
CYS,4,63.48693529075937
CYS,5,-29.835485023107182
CYS,6,4.608548513132565
GLN,0,68.00039428754978
GLN,1,0.0
GLN,2,-97.53529080501787
GLN,3,63.88701242627169
GLN,4,13.841352541438386
GLN,5,-22.95448659823289
GLN,6,5.2949934939514405
GLU,0,68.00267881440472
GLU,1,0.0
GLU,2,-95.50895158539072
GLU,3,59.462379656431786
GLU,4,18.611895907539413
GLU,5,-25.32812385594239
GLU,6,5.720963934850418
GLY,0,29.991521959223874
GLY,1,0.0
GLY,2,-11.714121102561949
GLY,3,-0.49435034178507764
GLY,4,3.358630886964533
GLY,5,-0.5244945366506233
GLY,6,-0.08923463325815767
HIS,0,71.99293382123606
HIS,1,0.0
HIS,2,-93.5986422309879
HIS,3,41.495704848797814
HIS,4,39.686087524593596
HIS,5,-34.39739617621465
HIS,6,7.054533882587461
ILE,0,61.979388106336025
ILE,1,0.0
ILE,2,-45.556805597057256
ILE,3,-26.94471392108166
ILE,4,68.41534059119428
ILE,5,-34.30973750154244
ILE,6,5.508824512155799
LEU,0,61.98747498458643
LEU,1,0.0
LEU,2,-54.084624203905236
LEU,3,-19.654388766643326
LEU,4,75.73973245665401
LEU,5,-42.86998387625807
LEU,6,7.5790897854703925
LYS,0,69.99166276369478
LYS,1,0.0
LYS,2,-177.95389306563453
LYS,3,272.049050329127
LYS,4,-188.31360014561355
LYS,5,63.311770746529376
LYS,6,-8.327441048626843
MET,0,70.00697757394211
MET,1,0.0
MET,2,-104.22691789290556
MET,3,73.83582463392467
MET,4,10.116109910903393
MET,5,-23.347122793804694
MET,6,5.59767950189809
PHE,0,77.99871453829506
PHE,1,0.0
PHE,2,-135.31166666481232
PHE,3,122.63627455548462
PHE,4,-26.84996560907415
PHE,5,-9.25795268049308
PHE,6,3.4777755908063996
PRO,0,52.980172042834816
PRO,1,0.0
PRO,2,-28.022857608815848
PRO,3,-17.954786303545372
PRO,4,36.71536451666519
PRO,5,-16.393678648997568
PRO,6,2.376852119656901
SER,0,45.9842506641224
SER,1,0.0
SER,2,-23.00255242482084
SER,3,-13.530217406203787
SER,4,25.323972196081197
SER,5,-9.610036654317335
SER,6,1.0842539695562607
THR,0,53.9808680705977
THR,1,0.0
THR,2,-30.205710896150876
THR,3,-20.689150359630236
THR,4,39.80438487982942
THR,5,-16.61508026343289
THR,6,2.1886321539694213
TRP,0,98.00057692153847
TRP,1,0.0
TRP,2,-239.8281308185409
TRP,3,306.6023977146483
TRP,4,-164.73211236183508
TRP,5,39.68378101961645
TRP,6,-3.2640434812867154
TYR,0,85.99065462050957
TYR,1,0.0
TYR,2,-205.8381404137618
TYR,3,282.44701677302993
TYR,4,-174.16741326989333
TYR,5,52.350555723344016
TYR,6,-6.170056834908476
VAL,0,53.97804783292007
VAL,1,0.0
VAL,2,-30.733003925270918
VAL,3,-23.11854468266684
VAL,4,43.974442515709775
VAL,5,-18.762646610884868
VAL,6,2.550094966653843
H2O,0,9.998096755786294
H2O,1,0.0
H2O,2,-0.7939861642881193
H2O,3,-0.4523851090473768
H2O,4,0.5582058579362125
H2O,5,-0.2293883781481107
H2O,6,0.0364585916559163